date,open,high,low,close,adjusted close,volume,symbol,company
1/2/2019,154.89,158.85,154.23,157.92,38.37982003,37039737,AAPL,Apple Inc
1/3/2019,143.98,145.72,142,142.19,34.55690609,91312195,AAPL,Apple Inc
1/4/2019,144.53,148.55,143.8,148.26,36.03211828,58607070,AAPL,Apple Inc
1/7/2019,148.7,148.83,145.9,147.93,35.95191728,54777764,AAPL,Apple Inc
1/8/2019,149.56,151.82,148.52,150.75,36.63727121,41025314,AAPL,Apple Inc
1/9/2019,151.29,154.53,149.63,153.31,37.25943648,45099081,AAPL,Apple Inc
1/10/2019,152.5,153.97,150.86,153.8,37.3785228,35780670,AAPL,Apple Inc
1/11/2019,152.88,153.7,151.51,152.29,37.01154251,27023241,AAPL,Apple Inc
1/14/2019,150.85,151.27,149.22,150,36.45499623,32439186,AAPL,Apple Inc
1/15/2019,150.27,153.39,150.05,153.07,37.20110849,28710324,AAPL,Apple Inc
1/16/2019,153.08,155.88,153,154.94,37.65558077,30569706,AAPL,Apple Inc
1/17/2019,154.2,157.66,153.26,155.86,37.87917142,29821160,AAPL,Apple Inc
1/18/2019,157.5,157.88,155.98,156.82,38.11248339,33751023,AAPL,Apple Inc
1/22/2019,156.41,156.73,152.62,153.3,37.25700615,30393970,AAPL,Apple Inc
1/23/2019,154.15,155.14,151.7,153.92,37.4076868,23130570,AAPL,Apple Inc
1/24/2019,154.11,154.48,151.74,152.7,37.11118616,25441549,AAPL,Apple Inc
1/25/2019,155.48,158.13,154.32,157.76,38.3409347,33547893,AAPL,Apple Inc
1/28/2019,155.79,156.33,153.66,156.3,37.98610607,26192058,AAPL,Apple Inc
1/29/2019,156.25,158.13,154.11,154.68,37.59239211,41587239,AAPL,Apple Inc
1/30/2019,163.25,166.15,160.23,165.25,40.16125418,61109780,AAPL,Apple Inc
1/31/2019,166.11,169,164.56,166.44,40.45046382,40739649,AAPL,Apple Inc
2/1/2019,166.96,168.98,165.93,166.52,40.46990648,32668138,AAPL,Apple Inc
2/4/2019,167.41,171.66,167.28,171.25,41.61945403,31495582,AAPL,Apple Inc
2/5/2019,172.86,175.08,172.35,174.18,42.33154162,36101628,AAPL,Apple Inc
2/6/2019,174.65,175.57,172.85,174.24,42.34612362,28239591,AAPL,Apple Inc
2/7/2019,172.4,173.94,170.34,170.94,41.54411371,31741690,AAPL,Apple Inc
2/8/2019,168.99,170.66,168.42,170.41,41.59272037,23819966,AAPL,Apple Inc
2/11/2019,171.05,171.21,169.25,169.43,41.35352745,20993425,AAPL,Apple Inc
2/12/2019,170.1,171,169.7,170.89,41.70987608,22283523,AAPL,Apple Inc
2/13/2019,171.39,172.48,169.92,170.18,41.53658325,22490233,AAPL,Apple Inc
2/14/2019,169.71,171.26,169.38,170.8,41.68790939,21835747,AAPL,Apple Inc
2/15/2019,171.25,171.7,169.75,170.42,41.59516111,24626814,AAPL,Apple Inc
2/19/2019,169.71,171.44,169.49,170.93,41.71963906,18972826,AAPL,Apple Inc
2/20/2019,171.19,173.32,170.99,172.03,41.98812091,26114362,AAPL,Apple Inc
2/21/2019,171.8,172.37,170.3,171.06,41.75136873,17249670,AAPL,Apple Inc
2/22/2019,171.58,173,171.38,172.97,42.21755086,18913154,AAPL,Apple Inc
2/25/2019,174.16,175.87,173.95,174.23,42.52508462,21873358,AAPL,Apple Inc
2/26/2019,173.71,175.3,173.17,174.33,42.54949206,17070211,AAPL,Apple Inc
2/27/2019,173.21,175,172.73,174.87,42.68129224,27835389,AAPL,Apple Inc
2/28/2019,174.32,174.91,172.92,173.15,42.26148425,28215416,AAPL,Apple Inc
3/1/2019,174.28,175.15,172.89,174.97,42.70569968,25886167,AAPL,Apple Inc
3/4/2019,175.69,177.75,173.97,175.85,42.92048516,27436203,AAPL,Apple Inc
3/5/2019,175.94,176,174.54,175.53,42.84238135,19737419,AAPL,Apple Inc
3/6/2019,174.67,175.49,173.94,174.52,42.5958662,20810384,AAPL,Apple Inc
3/7/2019,173.87,174.44,172.02,172.5,42.10283589,24796374,AAPL,Apple Inc
3/8/2019,170.32,173.07,169.5,172.91,42.2029064,23999358,AAPL,Apple Inc
3/11/2019,175.49,179.12,175.35,178.9,43.66491212,32011034,AAPL,Apple Inc
3/12/2019,180,182.67,179.37,180.91,44.15550168,32467584,AAPL,Apple Inc
3/13/2019,182.25,183.3,180.92,181.71,44.35076121,31032524,AAPL,Apple Inc
3/14/2019,183.9,184.1,182.56,183.73,44.84379152,23579508,AAPL,Apple Inc
3/15/2019,184.85,187.33,183.74,186.12,45.42712936,39042912,AAPL,Apple Inc
3/18/2019,185.8,188.39,185.79,188.02,45.89087074,26219832,AAPL,Apple Inc
3/19/2019,188.35,188.99,185.92,186.53,45.52719987,31646369,AAPL,Apple Inc
3/20/2019,186.23,189.49,184.73,188.16,45.92504116,31035231,AAPL,Apple Inc
3/21/2019,190.02,196.33,189.81,195.09,47.61647683,51034237,AAPL,Apple Inc
3/22/2019,195.34,197.69,190.78,191.05,46.63041621,42407666,AAPL,Apple Inc
3/25/2019,191.51,191.98,186.6,188.74,46.06660432,43845293,AAPL,Apple Inc
3/26/2019,191.66,192.88,184.58,186.79,45.59065922,49800538,AAPL,Apple Inc
3/27/2019,188.75,189.76,186.55,188.47,46.00070423,29848427,AAPL,Apple Inc
3/28/2019,188.95,189.56,187.53,188.72,46.06172283,20780363,AAPL,Apple Inc
3/29/2019,189.83,190.08,188.54,189.95,46.36193436,23563961,AAPL,Apple Inc
4/1/2019,191.64,191.68,188.38,191.24,46.67679035,27861964,AAPL,Apple Inc
4/2/2019,191.09,194.46,191.05,194.02,47.35531721,22765732,AAPL,Apple Inc
4/3/2019,193.25,196.5,193.15,195.35,47.67993618,23271830,AAPL,Apple Inc
4/4/2019,194.79,196.37,193.14,195.69,47.76292148,19114275,AAPL,Apple Inc
4/5/2019,196.45,197.1,195.93,197,48.08265895,18526644,AAPL,Apple Inc
4/8/2019,196.42,200.23,196.34,200.1,48.83928963,25881697,AAPL,Apple Inc
4/9/2019,200.32,202.85,199.23,199.5,48.69284498,35768237,AAPL,Apple Inc
4/10/2019,198.68,200.74,198.18,200.62,48.96620832,21695288,AAPL,Apple Inc
4/11/2019,200.85,201,198.44,198.95,48.55860406,20900808,AAPL,Apple Inc
4/12/2019,199.2,200.14,196.21,198.87,48.5390781,27760668,AAPL,Apple Inc
4/15/2019,198.58,199.85,198.01,199.23,48.62694489,17536646,AAPL,Apple Inc
4/16/2019,199.46,201.37,198.56,199.25,48.63182638,25696385,AAPL,Apple Inc
4/17/2019,199.54,203.38,198.61,203.13,49.57883509,28906780,AAPL,Apple Inc
4/18/2019,203.12,204.15,202.52,203.86,49.75700941,24195766,AAPL,Apple Inc
4/22/2019,202.83,204.94,202.34,204.53,49.92053927,19439545,AAPL,Apple Inc
4/23/2019,204.43,207.75,203.9,207.48,50.64055878,23322991,AAPL,Apple Inc
4/24/2019,207.36,208.48,207.05,207.16,50.56245497,17540609,AAPL,Apple Inc
4/25/2019,206.83,207.76,205.12,205.28,50.10359508,18543206,AAPL,Apple Inc
4/26/2019,204.9,205,202.12,204.3,49.86440215,18649102,AAPL,Apple Inc
4/29/2019,204.4,205.97,203.86,204.61,49.94006522,22204716,AAPL,Apple Inc
4/30/2019,203.06,203.4,199.11,200.67,48.97841204,46534923,AAPL,Apple Inc
5/1/2019,209.88,215.31,209.23,210.52,51.38254499,64827328,AAPL,Apple Inc
5/2/2019,209.84,212.65,208.13,209.15,51.04816305,31996324,AAPL,Apple Inc
5/3/2019,210.89,211.84,210.23,211.75,51.68275652,20892378,AAPL,Apple Inc
5/6/2019,204.29,208.84,203.5,208.48,50.88463319,32443113,AAPL,Apple Inc
5/7/2019,205.88,207.42,200.83,202.86,49.512935,38763698,AAPL,Apple Inc
5/8/2019,201.9,205.34,201.75,202.9,49.52269798,26339504,AAPL,Apple Inc
5/9/2019,200.4,201.68,196.66,200.72,48.99061576,34908607,AAPL,Apple Inc
5/10/2019,197.42,198.85,192.77,197.18,48.31452964,41208712,AAPL,Apple Inc
5/13/2019,187.71,189.48,182.85,185.72,45.50651408,57430623,AAPL,Apple Inc
5/14/2019,186.41,189.7,185.41,188.66,46.22689503,36529677,AAPL,Apple Inc
5/15/2019,186.27,191.75,186.02,190.92,46.78065727,26544718,AAPL,Apple Inc
5/16/2019,189.91,192.47,188.84,190.08,46.57483414,33031364,AAPL,Apple Inc
5/17/2019,186.93,190.9,186.76,189,46.3102044,32879090,AAPL,Apple Inc
5/20/2019,183.52,184.35,180.28,183.09,44.86209166,38612290,AAPL,Apple Inc
5/21/2019,185.22,188,184.7,186.6,45.72213831,28364848,AAPL,Apple Inc
5/22/2019,184.66,185.71,182.55,182.78,44.78613312,29748556,AAPL,Apple Inc
5/23/2019,179.8,180.54,177.81,179.66,44.02164721,36529736,AAPL,Apple Inc
5/24/2019,180.2,182.14,178.62,178.97,43.85257821,23714686,AAPL,Apple Inc
5/28/2019,178.92,180.59,177.91,178.23,43.67125783,27948160,AAPL,Apple Inc
5/29/2019,176.42,179.35,176,177.38,43.46298442,28481165,AAPL,Apple Inc
5/30/2019,177.95,179.23,176.67,178.3,43.68840976,21218412,AAPL,Apple Inc
5/31/2019,176.23,177.99,174.99,175.07,42.89697081,27043584,AAPL,Apple Inc
6/3/2019,175.6,177.92,170.27,173.3,42.46327207,40396069,AAPL,Apple Inc
6/4/2019,175.44,179.83,174.52,179.64,44.01674665,30967961,AAPL,Apple Inc
6/5/2019,184.28,184.99,181.14,182.54,44.72732651,29773427,AAPL,Apple Inc
6/6/2019,183.08,185.47,182.15,185.22,45.38400031,22526311,AAPL,Apple Inc
6/7/2019,186.51,191.92,185.77,190.15,46.59198606,30684393,AAPL,Apple Inc
6/10/2019,191.81,195.37,191.62,192.58,47.18740298,26220851,AAPL,Apple Inc
6/11/2019,194.86,196,193.6,194.81,47.73381438,26932882,AAPL,Apple Inc
6/12/2019,193.95,195.97,193.39,194.19,47.58189731,18253189,AAPL,Apple Inc
6/13/2019,194.7,196.79,193.6,194.15,47.57209621,21674625,AAPL,Apple Inc
6/14/2019,191.55,193.59,190.3,192.74,47.22660738,18761474,AAPL,Apple Inc
6/17/2019,192.9,194.96,192.17,193.89,47.50838905,14669144,AAPL,Apple Inc
6/18/2019,196.05,200.29,195.21,198.45,48.62571462,26551004,AAPL,Apple Inc
6/19/2019,199.68,199.88,197.31,197.87,48.48359865,21124235,AAPL,Apple Inc
6/20/2019,200.37,200.61,198.03,199.46,48.87319243,21513988,AAPL,Apple Inc
6/21/2019,198.8,200.85,198.15,198.78,48.7065737,47800589,AAPL,Apple Inc
6/24/2019,198.54,200.16,198.17,198.58,48.6575682,18220421,AAPL,Apple Inc
6/25/2019,198.43,199.26,195.29,195.57,47.92003531,21070334,AAPL,Apple Inc
6/26/2019,197.77,200.99,197.35,199.8,48.95650179,26067512,AAPL,Apple Inc
6/27/2019,200.29,201.57,199.57,199.74,48.94180014,20899717,AAPL,Apple Inc
6/28/2019,198.68,199.5,197.05,197.92,48.49585002,31110642,AAPL,Apple Inc
7/1/2019,203.17,204.49,200.65,201.55,49.38529998,27316739,AAPL,Apple Inc
7/2/2019,201.41,203.13,201.36,202.73,49.67443247,16935217,AAPL,Apple Inc
7/3/2019,203.28,204.44,202.69,204.41,50.08607873,11362045,AAPL,Apple Inc
7/5/2019,203.35,205.08,202.9,204.23,50.04197378,17265518,AAPL,Apple Inc
7/8/2019,200.81,201.4,198.41,200.02,49.01040785,25338628,AAPL,Apple Inc
7/9/2019,199.2,201.51,198.81,201.24,49.30934144,20578015,AAPL,Apple Inc
7/10/2019,201.85,203.73,201.56,203.23,49.79694624,17897138,AAPL,Apple Inc
7/11/2019,203.31,204.39,201.71,201.75,49.43430549,20191842,AAPL,Apple Inc
7/12/2019,202.45,204,202.2,203.3,49.81409817,17595212,AAPL,Apple Inc
7/15/2019,204.09,205.87,204,205.21,50.28210076,16947420,AAPL,Apple Inc
7/16/2019,204.59,206.11,203.5,204.5,50.10813121,16866816,AAPL,Apple Inc
7/17/2019,204.05,205.09,203.27,203.35,49.82634955,14107450,AAPL,Apple Inc
7/18/2019,204,205.88,203.7,205.66,50.39236315,18582161,AAPL,Apple Inc
7/19/2019,205.79,206.5,202.36,202.59,49.64012862,20929307,AAPL,Apple Inc
7/22/2019,203.65,207.23,203.61,207.22,50.77460611,22277932,AAPL,Apple Inc
7/23/2019,208.46,208.91,207.29,208.84,51.17155072,18355210,AAPL,Apple Inc
7/24/2019,207.67,209.15,207.17,208.67,51.12989604,14991567,AAPL,Apple Inc
7/25/2019,208.89,209.24,206.73,207.02,50.7256006,13909535,AAPL,Apple Inc
7/26/2019,207.48,209.73,207.14,207.74,50.90202043,17618874,AAPL,Apple Inc
7/29/2019,208.46,210.64,208.44,209.68,51.37737385,21673389,AAPL,Apple Inc
7/30/2019,208.76,210.16,207.31,208.78,51.15684907,33935718,AAPL,Apple Inc
7/31/2019,216.42,221.37,211.3,213.04,52.20066637,69281361,AAPL,Apple Inc
8/1/2019,213.9,218.03,206.74,208.43,51.07108943,54017922,AAPL,Apple Inc
8/2/2019,205.53,206.43,201.63,204.02,49.99051799,40862122,AAPL,Apple Inc
8/5/2019,197.99,198.65,192.58,193.34,47.3736239,52392969,AAPL,Apple Inc
8/6/2019,196.31,198.07,194.04,197,48.27042469,35824787,AAPL,Apple Inc
8/7/2019,195.41,199.56,193.82,199.04,48.77028086,33364400,AAPL,Apple Inc
8/8/2019,200.2,203.53,199.39,203.43,49.84595175,27009523,AAPL,Apple Inc
8/9/2019,201.3,202.76,199.29,200.99,49.43675576,24619746,AAPL,Apple Inc
8/12/2019,199.62,202.05,199.15,200.48,49.31131298,22481889,AAPL,Apple Inc
8/13/2019,201.02,212.14,200.48,208.97,51.3995664,47539786,AAPL,Apple Inc
8/14/2019,203.16,206.44,202.59,202.75,49.86965635,36547443,AAPL,Apple Inc
8/15/2019,203.46,205.14,199.67,201.74,49.62123045,27883363,AAPL,Apple Inc
8/16/2019,204.28,207.16,203.84,206.5,50.79202978,28813624,AAPL,Apple Inc
8/19/2019,210.62,212.73,210.03,210.35,51.73899982,24431915,AAPL,Apple Inc
8/20/2019,210.88,213.35,210.32,210.36,51.74145949,26919529,AAPL,Apple Inc
8/21/2019,212.99,213.65,211.6,212.64,52.30226253,21564747,AAPL,Apple Inc
8/22/2019,213.19,214.44,210.75,212.46,52.2579886,22267819,AAPL,Apple Inc
8/23/2019,209.43,212.05,201,202.64,49.84260007,46882843,AAPL,Apple Inc
8/26/2019,205.86,207.19,205.06,206.49,50.78957011,26066130,AAPL,Apple Inc
8/27/2019,207.86,208.55,203.53,204.16,50.21646876,25897344,AAPL,Apple Inc
8/28/2019,204.1,205.72,203.32,205.53,50.55344252,15957632,AAPL,Apple Inc
8/29/2019,208.5,209.32,206.66,209.01,51.40940505,21007652,AAPL,Apple Inc
8/30/2019,210.16,210.45,207.2,208.74,51.34299417,21162561,AAPL,Apple Inc
9/3/2019,206.43,206.98,204.22,205.7,50.59525678,20059574,AAPL,Apple Inc
9/4/2019,208.39,209.48,207.32,209.19,51.45367898,19216820,AAPL,Apple Inc
9/5/2019,212,213.97,211.51,213.28,52.45968092,23946984,AAPL,Apple Inc
9/6/2019,214.05,214.42,212.51,213.26,52.4547616,19362294,AAPL,Apple Inc
9/9/2019,214.84,216.44,211.07,214.17,52.67859088,27309401,AAPL,Apple Inc
9/10/2019,213.86,216.78,211.71,216.7,53.30088549,31777931,AAPL,Apple Inc
9/11/2019,218.07,223.71,217.73,223.59,54.99559292,44289646,AAPL,Apple Inc
9/12/2019,224.8,226.42,222.86,223.09,54.8726098,32226669,AAPL,Apple Inc
9/13/2019,220,220.79,217.02,218.75,53.80511629,39763296,AAPL,Apple Inc
9/16/2019,217.73,220.13,217.56,219.9,54.08797747,21158141,AAPL,Apple Inc
9/17/2019,219.96,220.82,219.12,220.7,54.28475047,18386468,AAPL,Apple Inc
9/18/2019,221.06,222.85,219.44,222.77,54.7939006,25643093,AAPL,Apple Inc
9/19/2019,222.01,223.76,220.37,220.96,54.34870169,22187876,AAPL,Apple Inc
9/20/2019,221.38,222.56,217.47,217.73,53.55423072,57977094,AAPL,Apple Inc
9/23/2019,218.95,219.84,217.65,218.72,53.7977373,19419648,AAPL,Apple Inc
9/24/2019,221.03,222.49,217.19,217.68,53.54193241,31434367,AAPL,Apple Inc
9/25/2019,218.55,221.5,217.14,221.03,54.36591933,22481006,AAPL,Apple Inc
9/26/2019,220,220.94,218.83,219.89,54.08551781,19088312,AAPL,Apple Inc
9/27/2019,220.54,220.96,217.28,218.82,53.82233393,25361285,AAPL,Apple Inc
9/30/2019,220.9,224.58,220.79,223.97,55.08906009,26318583,AAPL,Apple Inc
10/1/2019,225.07,228.22,224.2,224.59,55.24155917,36187163,AAPL,Apple Inc
10/2/2019,223.06,223.58,217.93,218.96,53.8567692,35767257,AAPL,Apple Inc
10/3/2019,218.43,220.96,215.13,220.82,54.31426642,30352686,AAPL,Apple Inc
10/4/2019,225.64,227.49,223.89,227.01,55.83679748,34755553,AAPL,Apple Inc
10/7/2019,226.27,229.93,225.84,227.06,55.84909579,30889269,AAPL,Apple Inc
10/8/2019,225.82,228.06,224.33,224.4,55.19482558,29282700,AAPL,Apple Inc
10/9/2019,227.03,227.79,225.64,227.03,55.84171681,19029424,AAPL,Apple Inc
10/10/2019,227.93,230.44,227.3,230.09,56.59437352,28962984,AAPL,Apple Inc
10/11/2019,232.95,237.64,232.31,236.21,58.09968694,41990210,AAPL,Apple Inc
10/14/2019,234.9,238.13,234.67,235.87,58.01605842,24413484,AAPL,Apple Inc
10/15/2019,236.39,237.65,234.88,235.32,57.88077698,23040483,AAPL,Apple Inc
10/16/2019,233.37,235.24,233.2,234.37,57.64710905,19286694,AAPL,Apple Inc
10/17/2019,235.09,236.15,233.52,235.28,57.87093833,17272897,AAPL,Apple Inc
10/18/2019,234.59,237.58,234.29,236.41,58.14888019,24248023,AAPL,Apple Inc
10/21/2019,237.52,240.99,237.32,240.51,59.1573418,21811567,AAPL,Apple Inc
10/22/2019,241.16,242.2,239.62,239.96,59.02206036,22684001,AAPL,Apple Inc
10/23/2019,242.1,243.24,241.22,243.18,59.81407168,19932545,AAPL,Apple Inc
10/24/2019,244.51,244.8,241.81,243.58,59.91245817,17916255,AAPL,Apple Inc
10/25/2019,243.16,246.73,242.88,246.58,60.65035691,18369296,AAPL,Apple Inc
10/28/2019,247.42,249.25,246.72,249.05,61.25789354,23655368,AAPL,Apple Inc
10/29/2019,248.97,249.75,242.57,243.29,59.84112796,35709867,AAPL,Apple Inc
10/30/2019,244.76,245.3,241.21,243.26,59.83374898,31130522,AAPL,Apple Inc
10/31/2019,247.24,249.17,237.26,248.76,61.18656333,34790520,AAPL,Apple Inc
11/1/2019,249.54,255.93,249.16,255.82,62.92308502,37781334,AAPL,Apple Inc
11/4/2019,257.33,257.85,255.38,257.5,63.33630832,25817952,AAPL,Apple Inc
11/5/2019,257.05,258.19,256.32,257.13,63.24530081,19974427,AAPL,Apple Inc
11/6/2019,256.77,257.49,255.37,257.24,63.27235709,18966124,AAPL,Apple Inc
11/7/2019,258.74,260.35,258.11,259.43,64.00041718,23735083,AAPL,Apple Inc
11/8/2019,258.69,260.44,256.85,260.14,64.17557154,17520495,AAPL,Apple Inc
11/11/2019,258.3,262.47,258.28,262.2,64.68376589,20507459,AAPL,Apple Inc
11/12/2019,261.55,262.79,260.92,261.96,64.62455878,21847226,AAPL,Apple Inc
11/13/2019,261.13,264.78,261.07,264.47,65.24376646,25817593,AAPL,Apple Inc
11/14/2019,263.75,264.88,262.1,262.64,64.79231226,22395556,AAPL,Apple Inc
11/15/2019,263.68,265.78,263.01,265.76,65.56200466,25093666,AAPL,Apple Inc
11/18/2019,265.8,267.43,264.23,267.1,65.89257769,21700897,AAPL,Apple Inc
11/19/2019,267.9,268,265.39,266.29,65.6927537,19069597,AAPL,Apple Inc
11/20/2019,265.54,266.08,260.4,263.19,64.92799521,26609919,AAPL,Apple Inc
11/21/2019,263.69,264.01,261.18,262.01,64.6368936,30348778,AAPL,Apple Inc
11/22/2019,262.59,263.18,260.84,261.78,64.58015345,16331263,AAPL,Apple Inc
11/25/2019,262.71,266.44,262.52,266.37,65.7124894,21029517,AAPL,Apple Inc
11/26/2019,266.94,267.16,262.5,264.29,65.19936113,26334882,AAPL,Apple Inc
11/27/2019,265.58,267.98,265.31,267.84,66.07513294,16386122,AAPL,Apple Inc
11/29/2019,266.6,268,265.9,267.25,65.92958213,11654363,AAPL,Apple Inc
12/2/2019,267.27,268.25,263.45,264.16,65.16729061,23693550,AAPL,Apple Inc
12/3/2019,258.31,259.53,256.29,259.45,64.00535111,29377268,AAPL,Apple Inc
12/4/2019,261.07,263.31,260.68,261.74,64.5702856,16810388,AAPL,Apple Inc
12/5/2019,263.79,265.89,262.73,265.58,65.51759933,18661343,AAPL,Apple Inc
12/6/2019,267.48,271,267.3,270.71,66.78315127,26547493,AAPL,Apple Inc
12/9/2019,270,270.8,264.91,266.92,65.84817235,32182645,AAPL,Apple Inc
12/10/2019,268.6,270.07,265.86,268.48,66.23301856,22632383,AAPL,Apple Inc
12/11/2019,268.81,271.1,268.5,270.77,66.79795305,19723391,AAPL,Apple Inc
12/12/2019,267.78,272.56,267.32,271.46,66.96817349,34437042,AAPL,Apple Inc
12/13/2019,271.46,275.3,270.93,275.15,67.87848278,33432806,AAPL,Apple Inc
12/16/2019,277,280.79,276.98,279.86,69.04042228,32081105,AAPL,Apple Inc
12/17/2019,279.57,281.77,278.8,280.41,69.17610524,28575798,AAPL,Apple Inc
12/18/2019,279.8,281.9,279.12,279.74,69.01081873,29024687,AAPL,Apple Inc
12/19/2019,279.5,281.18,278.95,280.02,69.07989369,24626947,AAPL,Apple Inc
12/20/2019,282.23,282.65,278.56,279.44,68.93680984,69032743,AAPL,Apple Inc
12/23/2019,280.53,284.25,280.37,284,70.0617449,24677883,AAPL,Apple Inc
12/24/2019,284.69,284.89,282.92,284.27,70.1283529,12119714,AAPL,Apple Inc
12/26/2019,284.82,289.98,284.7,289.91,71.51971994,23334004,AAPL,Apple Inc
12/27/2019,291.12,293.97,288.12,289.8,71.49258335,36592936,AAPL,Apple Inc
12/30/2019,289.46,292.69,285.22,291.52,71.91690096,36059614,AAPL,Apple Inc
12/31/2019,289.93,293.68,289.52,293.65,72.44236405,25247625,AAPL,Apple Inc
1/2/2020,296.24,300.6,295.19,300.35,74.09522916,33911864,AAPL,Apple Inc
1/3/2020,297.15,300.58,296.5,297.43,73.37487601,36633878,AAPL,Apple Inc
1/6/2020,293.79,299.96,292.75,299.8,73.9595462,29644644,AAPL,Apple Inc
1/7/2020,299.84,300.9,297.48,298.39,73.61170444,27877655,AAPL,Apple Inc
1/8/2020,297.16,304.44,297.16,303.19,74.79584661,33090946,AAPL,Apple Inc
1/9/2020,307.24,310.43,306.2,309.63,76.38457068,42621542,AAPL,Apple Inc
1/10/2020,310.6,312.67,308.25,310.33,76.55725808,35217272,AAPL,Apple Inc
1/13/2020,311.64,317.07,311.15,316.96,78.19285445,30028742,AAPL,Apple Inc
1/14/2020,316.7,317.57,312.17,312.68,77.13699435,40653457,AAPL,Apple Inc
1/15/2020,311.85,315.5,309.55,311.34,76.80642133,30480882,AAPL,Apple Inc
1/16/2020,313.59,315.7,312.09,315.24,77.76853684,27207254,AAPL,Apple Inc
1/17/2020,316.27,318.74,315,318.73,78.62950687,34454117,AAPL,Apple Inc
1/21/2020,317.19,319.02,316,316.57,78.0966429,27235039,AAPL,Apple Inc
1/22/2020,318.58,319.99,317.31,317.7,78.3754097,25458115,AAPL,Apple Inc
1/23/2020,317.92,319.56,315.65,319.23,78.75285502,26117993,AAPL,Apple Inc
1/24/2020,320.25,323.33,317.52,318.31,78.52589443,36634380,AAPL,Apple Inc
1/27/2020,310.06,311.77,304.88,308.95,76.21681721,40485005,AAPL,Apple Inc
1/28/2020,312.6,318.4,312.19,317.69,78.37294274,40558486,AAPL,Apple Inc
1/29/2020,324.45,327.85,321.38,324.34,80.01347303,54149928,AAPL,Apple Inc
1/30/2020,320.54,324.09,318.75,323.87,79.89752578,31685808,AAPL,Apple Inc
1/31/2020,320.93,322.68,308.29,309.51,76.35496713,49897096,AAPL,Apple Inc
2/3/2020,304.3,313.49,302.22,308.66,76.14527529,43496401,AAPL,Apple Inc
2/4/2020,315.31,319.64,313.63,318.85,78.65911043,34154134,AAPL,Apple Inc
2/5/2020,323.52,324.76,318.95,321.45,79.30052077,29706718,AAPL,Apple Inc
2/6/2020,322.57,325.22,320.26,325.21,80.2280988,26356385,AAPL,Apple Inc
2/7/2020,322.37,323.4,318,320.03,79.14016818,29421012,AAPL,Apple Inc
2/10/2020,314.18,321.55,313.85,321.55,79.51604874,27337215,AAPL,Apple Inc
2/11/2020,323.6,323.9,318.71,319.61,79.03630645,23580780,AAPL,Apple Inc
2/12/2020,321.47,327.22,321.47,327.2,80.91323635,28432573,AAPL,Apple Inc
2/13/2020,324.19,326.22,323.35,324.87,80.33705102,23686892,AAPL,Apple Inc
2/14/2020,324.74,325.98,322.85,324.95,80.35683421,20028447,AAPL,Apple Inc
2/18/2020,315.36,319.75,314.61,319,78.88545965,38190545,AAPL,Apple Inc
2/19/2020,320,324.57,320,323.62,80.02793872,23495991,AAPL,Apple Inc
2/20/2020,322.63,324.65,318.21,320.3,79.20693644,25141489,AAPL,Apple Inc
2/21/2020,318.62,320.45,310.5,313.05,77.41408509,32426415,AAPL,Apple Inc
2/24/2020,297.26,304.18,289.23,298.18,73.73688513,55548828,AAPL,Apple Inc
2/25/2020,300.95,302.53,286.13,288.08,71.23925773,57668364,AAPL,Apple Inc
2/26/2020,286.53,297.88,286.5,292.65,72.36937231,49678431,AAPL,Apple Inc
2/27/2020,281.1,286,272.96,273.52,67.63871762,80151381,AAPL,Apple Inc
2/28/2020,257.26,278.41,256.37,273.36,67.59915125,106721230,AAPL,Apple Inc
3/2/2020,282.28,301.44,277.72,298.81,73.89267773,85349339,AAPL,Apple Inc
3/3/2020,303.67,304,285.8,289.32,71.54589713,79868852,AAPL,Apple Inc
3/4/2020,296.44,303.4,293.13,302.74,74.86452681,54794568,AAPL,Apple Inc
3/5/2020,295.52,299.55,291.41,292.92,72.43614056,46893219,AAPL,Apple Inc
3/6/2020,282,290.82,281.23,289.03,71.47418308,56544246,AAPL,Apple Inc
3/9/2020,263.75,278.09,263,266.17,65.82113729,71686208,AAPL,Apple Inc
3/10/2020,277.14,286.44,269.37,285.34,70.56168356,71322520,AAPL,Apple Inc
3/11/2020,277.39,281.22,271.86,275.43,68.11104122,64094970,AAPL,Apple Inc
3/12/2020,255.94,270,248,248.23,61.38475752,104618517,AAPL,Apple Inc
3/13/2020,264.89,279.92,252.95,277.97,68.73915742,92683032,AAPL,Apple Inc
3/16/2020,241.95,259.08,240,242.21,59.89607267,80605865,AAPL,Apple Inc
3/17/2020,247.51,257.61,238.4,252.86,62.52970949,81013965,AAPL,Apple Inc
3/18/2020,239.77,250,237.12,246.67,60.99898536,75058406,AAPL,Apple Inc
3/19/2020,247.39,252.84,242.61,244.78,60.53160756,67964255,AAPL,Apple Inc
3/20/2020,247.18,251.83,228,229.24,56.68872341,100423346,AAPL,Apple Inc
3/23/2020,228.08,228.5,212.61,224.37,55.48442188,84188208,AAPL,Apple Inc
3/24/2020,236.36,247.69,234.3,246.88,61.05091623,71882773,AAPL,Apple Inc
3/25/2020,250.75,258.25,244.3,245.52,60.71460204,75900510,AAPL,Apple Inc
3/26/2020,246.52,258.68,246.36,258.44,63.90958681,63140169,AAPL,Apple Inc
3/27/2020,252.75,255.87,247.05,247.74,61.26358549,51054153,AAPL,Apple Inc
3/30/2020,250.74,255.52,249.4,254.81,63.01192468,41994110,AAPL,Apple Inc
3/31/2020,255.6,262.49,252,254.29,62.88333396,49250501,AAPL,Apple Inc
4/1/2020,246.5,248.72,239.13,240.91,59.57459587,44054638,AAPL,Apple Inc
4/2/2020,240.34,245.15,236.9,244.93,60.56870104,41483493,AAPL,Apple Inc
4/3/2020,242.8,245.7,238.97,241.41,59.69824079,32470017,AAPL,Apple Inc
4/6/2020,250.9,263.11,249.38,262.47,64.90616487,50455071,AAPL,Apple Inc
4/7/2020,270.8,271.7,259,259.43,64.15440375,50721831,AAPL,Apple Inc
4/8/2020,262.74,267.37,261.23,266.07,65.7964083,42223821,AAPL,Apple Inc
4/9/2020,268.7,270.07,264.7,267.99,66.2712048,40529123,AAPL,Apple Inc
4/13/2020,268.31,273.7,265.83,273.25,67.57194937,32755731,AAPL,Apple Inc
4/14/2020,280,288.25,278.05,287.05,70.98454919,48748672,AAPL,Apple Inc
4/15/2020,282.4,286.33,280.63,284.43,70.3366498,32788641,AAPL,Apple Inc
4/16/2020,287.38,288.2,282.35,286.69,70.89552485,39281290,AAPL,Apple Inc
4/17/2020,284.69,286.95,276.86,282.8,69.93356736,53812478,AAPL,Apple Inc
4/20/2020,277.95,281.68,276.85,276.93,68.48197599,32503750,AAPL,Apple Inc
4/21/2020,276.28,277.25,265.43,268.37,66.36517494,45247893,AAPL,Apple Inc
4/22/2020,273.61,277.9,272.2,276.1,68.27672542,29264342,AAPL,Apple Inc
4/23/2020,275.87,281.75,274.87,275.03,68.01212529,31203582,AAPL,Apple Inc
4/24/2020,277.2,283.01,277,282.97,69.97560663,31627183,AAPL,Apple Inc
4/27/2020,281.8,284.54,279.95,283.17,70.0250646,29271893,AAPL,Apple Inc
4/28/2020,285.08,285.83,278.2,278.58,68.89000423,28001187,AAPL,Apple Inc
4/29/2020,284.73,289.67,283.89,287.73,71.15270628,34320204,AAPL,Apple Inc
4/30/2020,289.96,294.53,288.35,293.8,72.65375562,45765968,AAPL,Apple Inc
5/1/2020,286.25,299,285.85,289.07,71.48407467,60154175,AAPL,Apple Inc
5/4/2020,289.17,293.69,286.32,293.16,72.49549012,33391986,AAPL,Apple Inc
5/5/2020,295.06,301,294.46,297.56,73.58356543,36937795,AAPL,Apple Inc
5/6/2020,300.46,303.24,298.87,300.63,74.34274525,35583438,AAPL,Apple Inc
5/7/2020,303.22,305.17,301.97,303.74,75.11181665,28803764,AAPL,Apple Inc
5/8/2020,305.64,310.35,304.29,310.13,76.89477642,33511985,AAPL,Apple Inc
5/11/2020,308.1,317.05,307.24,315.01,78.10474162,36486561,AAPL,Apple Inc
5/12/2020,317.83,319.69,310.91,311.41,77.21214434,40575263,AAPL,Apple Inc
5/13/2020,312.15,315.95,303.21,307.65,76.27987607,50155639,AAPL,Apple Inc
5/14/2020,304.51,309.79,301.53,309.54,76.74848964,39732269,AAPL,Apple Inc
5/15/2020,300.35,307.9,300.21,307.71,76.29475269,41587094,AAPL,Apple Inc
5/18/2020,313.17,316.5,310.32,314.96,78.09234444,33843125,AAPL,Apple Inc
5/19/2020,315.03,318.52,313.01,313.14,77.64108692,25432385,AAPL,Apple Inc
5/20/2020,316.68,319.52,316.52,319.23,79.15106399,27876215,AAPL,Apple Inc
5/21/2020,318.66,320.89,315.87,316.85,78.56095801,25672211,AAPL,Apple Inc
5/22/2020,315.77,319.23,315.35,318.89,79.06676314,20450754,AAPL,Apple Inc
5/26/2020,323.5,324.24,316.5,316.73,78.53120477,31380454,AAPL,Apple Inc
5/27/2020,316.14,318.71,313.09,318.11,78.87336706,28236274,AAPL,Apple Inc
5/28/2020,316.77,323.44,315.63,318.25,78.90807918,33449103,AAPL,Apple Inc
5/29/2020,319.25,321.15,316.47,317.94,78.83121663,38399532,AAPL,Apple Inc
6/1/2020,317.75,322.35,317.21,321.85,79.80067646,20254653,AAPL,Apple Inc
6/2/2020,320.75,323.44,318.93,323.34,80.17011255,21910704,AAPL,Apple Inc
6/3/2020,324.66,326.2,322.3,325.12,80.61145232,26122804,AAPL,Apple Inc
6/4/2020,324.39,325.62,320.78,322.32,79.91720999,21890091,AAPL,Apple Inc
6/5/2020,323.35,331.75,323.23,331.5,82.19333306,34312550,AAPL,Apple Inc
6/8/2020,330.25,333.6,327.32,333.46,82.67930269,23913634,AAPL,Apple Inc
6/9/2020,332.14,345.61,332.01,343.99,85.29014974,36928091,AAPL,Apple Inc
6/10/2020,347.9,354.77,346.09,352.84,87.48445139,41662938,AAPL,Apple Inc
6/11/2020,349.31,351.06,335.48,335.9,83.28428529,50415613,AAPL,Apple Inc
6/12/2020,344.72,347.8,334.22,338.8,84.00332199,50036513,AAPL,Apple Inc
6/15/2020,333.25,345.68,332.58,342.99,85.04220605,34702230,AAPL,Apple Inc
6/16/2020,351.46,353.2,344.72,352.08,87.29601419,41357182,AAPL,Apple Inc
6/17/2020,355.15,355.4,351.09,351.59,87.17452178,28601626,AAPL,Apple Inc
6/18/2020,351.41,353.45,349.22,351.73,87.2092339,24205096,AAPL,Apple Inc
6/19/2020,354.64,356.56,345.15,349.72,86.71086708,66118952,AAPL,Apple Inc
6/22/2020,351.34,359.46,351.15,358.87,88.97955184,33861316,AAPL,Apple Inc
6/23/2020,364,372.38,362.27,366.53,90.8788005,53038869,AAPL,Apple Inc
6/24/2020,365,368.79,358.52,360.06,89.27460483,48155849,AAPL,Apple Inc
6/25/2020,360.7,365,357.57,364.84,90.45977567,34380628,AAPL,Apple Inc
6/26/2020,364.41,365.32,353.02,353.63,87.68032691,51314211,AAPL,Apple Inc
6/29/2020,353.25,362.1736,351.28,361.78,89.70106798,32661519,AAPL,Apple Inc
6/30/2020,360.08,365.98,360,364.8,90.44985792,35055821,AAPL,Apple Inc
7/1/2020,365.12,367.36,363.91,364.11,90.27877677,27690454,AAPL,Apple Inc
7/2/2020,367.85,370.47,363.64,364.11,90.27877677,28814516,AAPL,Apple Inc
7/6/2020,370,375.78,369.87,373.85,92.69374831,29745936,AAPL,Apple Inc
7/7/2020,375.41,378.62,372.23,372.69,92.40613363,28206999,AAPL,Apple Inc
7/8/2020,376.72,381.5,376.36,381.37,94.55828485,29274479,AAPL,Apple Inc
7/9/2020,385.05,385.27,378.69,383.01,94.96491251,31420357,AAPL,Apple Inc
7/10/2020,381.34,383.92,378.82,383.68,95.13103478,22564330,AAPL,Apple Inc
7/13/2020,389.06,399.82,381.03,381.91,94.69217445,47913079,AAPL,Apple Inc
7/14/2020,379.36,389.02,375.51,388.23,96.25917856,42748119,AAPL,Apple Inc
7/15/2020,395.96,396.99,385.96,390.9,96.92118822,38306874,AAPL,Apple Inc
7/16/2020,386.25,389.62,383.62,386.09,95.72857907,27645927,AAPL,Apple Inc
7/17/2020,387.95,388.59,383.36,385.31,95.53518299,23046755,AAPL,Apple Inc
7/20/2020,385.67,394,384.25,393.43,97.54848575,22397208,AAPL,Apple Inc
7/21/2020,396.69,397,386.97,388,96.20215152,25627347,AAPL,Apple Inc
7/22/2020,386.77,391.9,386.41,389.09,96.47241014,22250413,AAPL,Apple Inc
7/23/2020,387.9935,388.31,368.039,371.38,92.0813274,49251108,AAPL,Apple Inc
7/24/2020,363.95,371.88,356.58,370.46,91.8532192,46359716,AAPL,Apple Inc
7/27/2020,374.84,379.62,373.92,379.24,94.0301648,30303548,AAPL,Apple Inc
7/28/2020,377.47,378.1986,372.99,373.01,92.48547561,25906375,AAPL,Apple Inc
7/29/2020,375,380.92,374.85,380.16,94.25827299,22582314,AAPL,Apple Inc
7/30/2020,376.75,385.19,375.07,384.76,95.39881396,39532505,AAPL,Apple Inc
7/31/2020,411.535,425.66,403.3,425.04,105.3859858,93573867,AAPL,Apple Inc
8/3/2020,432.8,446.5457,431.57,435.75,108.0414627,77037847,AAPL,Apple Inc
8/4/2020,436.53,443.16,433.55,438.66,108.7629788,43198092,AAPL,Apple Inc
8/5/2020,437.51,441.57,435.59,440.25,109.1572093,30497988,AAPL,Apple Inc
8/6/2020,441.62,457.65,439.19,455.61,112.9656244,50607225,AAPL,Apple Inc
8/7/2020,452.82,454.7,441.17,444.45,110.4018866,49511403,AAPL,Apple Inc
8/10/2020,450.4,455.1,440,450.91,112.006558,53100856,AAPL,Apple Inc
8/11/2020,447.875,449.93,436.4267,437.5,108.6754987,46975594,AAPL,Apple Inc
8/12/2020,441.99,453.1,441.19,452.04,112.2872513,41486205,AAPL,Apple Inc
8/13/2020,457.72,464.17,455.71,460.04,114.2744604,52520516,AAPL,Apple Inc
8/14/2020,459.315,460,452.18,459.63,114.1726159,41391302,AAPL,Apple Inc
8/17/2020,464.25,464.35,455.8501,458.43,113.8745345,29431414,AAPL,Apple Inc
8/18/2020,457.41,464,456.03,462.25,114.8234269,26408385,AAPL,Apple Inc
8/19/2020,463.933,468.65,462.44,462.83,114.9674996,36384502,AAPL,Apple Inc
8/20/2020,463,473.568,462.9335,473.1,117.5185793,31726797,AAPL,Apple Inc
8/21/2020,477.05,499.472,477,497.48,123.5745991,84513660,AAPL,Apple Inc
8/24/2020,514.79,515.14,495.745,503.43,125.0525858,86484442,AAPL,Apple Inc
8/25/2020,498.79,500.7172,492.21,499.3,124.0266891,52873947,AAPL,Apple Inc
8/26/2020,504.7165,507.97,500.33,506.09,125.7133329,40755567,AAPL,Apple Inc
8/27/2020,508.57,509.94,495.33,500.04,124.210506,38888096,AAPL,Apple Inc
8/28/2020,504.05,505.77,498.31,499.23,124.0093011,46907479,AAPL,Apple Inc
8/31/2020,127.58,131,126,129.04,128.2147324,223505733,AAPL,Apple Inc
9/1/2020,132.76,134.8,130.53,134.18,133.3218598,152470142,AAPL,Apple Inc
9/2/2020,137.59,137.98,127,131.4,130.5596391,200118991,AAPL,Apple Inc
9/3/2020,126.91,128.84,120.5,120.88,120.1069191,257599640,AAPL,Apple Inc
9/4/2020,120.07,123.7,110.89,120.96,120.1864075,332607163,AAPL,Apple Inc
9/8/2020,113.95,118.99,112.68,112.82,112.0984664,231366563,AAPL,Apple Inc
9/9/2020,117.26,119.14,115.26,117.32,116.5696869,176940455,AAPL,Apple Inc
9/10/2020,120.36,120.5,112.5,113.49,112.7641815,182274391,AAPL,Apple Inc
9/11/2020,114.57,115.23,110,112,111.2837107,180860325,AAPL,Apple Inc
9/14/2020,114.72,115.93,112.8,115.355,114.617254,140150087,AAPL,Apple Inc
9/15/2020,118.33,118.829,113.61,115.54,114.8010708,184642039,AAPL,Apple Inc
9/16/2020,115.23,116,112.04,112.13,111.4128793,155026675,AAPL,Apple Inc
9/17/2020,109.72,112.2,108.71,110.34,109.6343271,178010968,AAPL,Apple Inc
9/18/2020,110.4,110.88,106.09,106.84,106.1567111,287104882,AAPL,Apple Inc
9/21/2020,104.54,110.19,103.1,110.08,109.3759899,195713815,AAPL,Apple Inc
9/22/2020,112.68,112.86,109.16,111.81,111.0949258,183055373,AAPL,Apple Inc
9/23/2020,111.62,112.11,106.77,107.12,106.4349204,150718671,AAPL,Apple Inc
9/24/2020,105.17,110.25,105,108.22,107.5278854,167743349,AAPL,Apple Inc
9/25/2020,108.43,112.44,107.67,112.28,111.5619199,149981441,AAPL,Apple Inc
9/28/2020,115.01,115.32,112.78,114.96,114.2247802,137672403,AAPL,Apple Inc
9/29/2020,114.55,115.31,113.57,114.09,113.3603442,100060526,AAPL,Apple Inc
9/30/2020,113.79,117.26,113.62,115.81,115.069344,142675184,AAPL,Apple Inc
10/1/2020,117.64,117.72,115.83,116.79,116.0430765,116120440,AAPL,Apple Inc
10/2/2020,112.89,115.37,112.22,113.02,112.2971873,144711986,AAPL,Apple Inc
10/5/2020,113.91,116.65,113.55,116.5,115.7549312,106243839,AAPL,Apple Inc
10/6/2020,115.7,116.12,112.25,113.16,112.4362919,161498212,AAPL,Apple Inc
10/7/2020,114.62,115.55,114.13,115.08,114.3440127,96848985,AAPL,Apple Inc
10/8/2020,116.25,116.4,114.5901,114.97,114.2347162,83477153,AAPL,Apple Inc
10/9/2020,115.28,117,114.92,116.97,116.2219253,100506865,AAPL,Apple Inc
10/12/2020,120.06,125.18,119.2845,124.4,123.6044072,240226769,AAPL,Apple Inc
10/13/2020,125.27,125.39,119.65,121.1,120.3255121,262330451,AAPL,Apple Inc
10/14/2020,121,123.03,119.62,121.19,120.4149366,151062308,AAPL,Apple Inc
10/15/2020,118.72,121.2,118.15,120.71,119.9380064,112559219,AAPL,Apple Inc
10/16/2020,121.28,121.548,118.81,119.02,118.2588147,115393808,AAPL,Apple Inc
10/19/2020,119.96,120.419,115.66,115.98,115.2382568,120639337,AAPL,Apple Inc
10/20/2020,116.2,118.98,115.63,117.51,116.7584718,124423728,AAPL,Apple Inc
10/21/2020,116.67,118.705,116.45,116.87,116.1225649,89945980,AAPL,Apple Inc
10/22/2020,117.45,118.04,114.59,115.75,115.0097278,101987954,AAPL,Apple Inc
10/23/2020,116.39,116.55,114.28,115.04,114.3042685,82572645,AAPL,Apple Inc
10/26/2020,114.01,116.55,112.88,115.05,114.3142046,111850657,AAPL,Apple Inc
10/27/2020,115.49,117.28,114.5399,116.6,115.8542916,92276772,AAPL,Apple Inc
10/28/2020,115.05,115.43,111.1,111.2,110.488827,143937823,AAPL,Apple Inc
10/29/2020,112.37,116.93,112.2,115.32,114.5824778,146129173,AAPL,Apple Inc
10/30/2020,111.06,111.99,107.72,108.86,108.1637923,190573476,AAPL,Apple Inc
11/2/2020,109.11,110.68,107.32,108.77,108.0743679,122866899,AAPL,Apple Inc
11/3/2020,109.66,111.49,108.73,110.44,109.7336875,107624448,AAPL,Apple Inc
11/4/2020,114.14,115.59,112.35,114.95,114.2148441,138235482,AAPL,Apple Inc
11/5/2020,117.95,119.62,116.8686,119.03,118.2687507,126387074,AAPL,Apple Inc
11/6/2020,118.32,119.2,116.13,118.69,118.1346141,114457922,AAPL,Apple Inc
11/9/2020,120.5,121.99,116.05,116.32,115.775704,154515315,AAPL,Apple Inc
11/10/2020,115.55,117.59,114.13,115.97,115.4273418,138023390,AAPL,Apple Inc
11/11/2020,117.19,119.63,116.44,119.49,118.9308707,112294954,AAPL,Apple Inc
11/12/2020,119.62,120.53,118.57,119.21,118.6521809,103350674,AAPL,Apple Inc
11/13/2020,119.44,119.6717,117.87,119.26,118.7019469,81688586,AAPL,Apple Inc
11/16/2020,118.92,120.99,118.146,120.3,119.7370804,91183018,AAPL,Apple Inc
11/17/2020,119.55,120.6741,118.96,119.39,118.8313386,74270973,AAPL,Apple Inc
11/18/2020,118.61,119.82,118,118.03,117.4777024,76322111,AAPL,Apple Inc
11/19/2020,117.59,119.06,116.81,118.64,118.0848481,74112972,AAPL,Apple Inc
11/20/2020,118.64,118.77,117.29,117.34,116.7909311,73604287,AAPL,Apple Inc
11/23/2020,117.18,117.6202,113.75,113.85,113.3172619,127959318,AAPL,Apple Inc
11/24/2020,113.91,115.85,112.59,115.17,114.6310852,113226248,AAPL,Apple Inc
11/25/2020,115.55,116.75,115.17,116.03,115.487061,76499234,AAPL,Apple Inc
11/27/2020,116.57,117.49,116.22,116.59,116.0444406,46691331,AAPL,Apple Inc
11/30/2020,116.97,120.97,116.81,119.05,118.4929295,169410176,AAPL,Apple Inc
12/1/2020,121.01,123.4693,120.01,122.72,122.1457565,125920963,AAPL,Apple Inc
12/2/2020,122.02,123.37,120.89,123.08,122.504072,89004195,AAPL,Apple Inc
12/3/2020,123.52,123.78,122.21,122.94,122.3647271,78967630,AAPL,Apple Inc
12/4/2020,122.6,122.8608,121.52,122.25,121.6779558,78260421,AAPL,Apple Inc
12/7/2020,122.31,124.57,122.25,123.75,123.1709368,86711990,AAPL,Apple Inc
12/8/2020,124.37,124.98,123.09,124.38,123.7979889,82225512,AAPL,Apple Inc
12/9/2020,124.53,125.95,121,121.78,121.2101551,115089193,AAPL,Apple Inc
12/10/2020,120.5,123.87,120.15,123.24,122.6633233,81312170,AAPL,Apple Inc
12/11/2020,122.43,122.76,120.55,122.41,121.8372071,86939786,AAPL,Apple Inc
12/14/2020,122.6,123.35,121.54,121.78,121.2101551,79075988,AAPL,Apple Inc
12/15/2020,124.34,127.9,124.13,127.88,127.2816113,157572262,AAPL,Apple Inc
12/16/2020,127.41,128.37,126.56,127.81,127.2119389,98208591,AAPL,Apple Inc
12/17/2020,128.9,129.58,128.045,128.7,128.0977743,94359811,AAPL,Apple Inc
12/18/2020,128.96,129.1,126.12,126.655,126.0623435,192541496,AAPL,Apple Inc
12/21/2020,125.02,128.31,123.449,128.23,127.6299736,121251553,AAPL,Apple Inc
12/22/2020,131.61,134.405,129.65,131.88,131.2628942,169351825,AAPL,Apple Inc
12/23/2020,132.16,132.43,130.78,130.96,130.3471991,88223692,AAPL,Apple Inc
12/24/2020,131.32,133.46,131.1,131.97,131.352473,54930064,AAPL,Apple Inc
12/28/2020,133.99,137.34,133.51,136.69,136.0503867,123124632,AAPL,Apple Inc
12/29/2020,138.05,138.789,134.3409,134.87,134.2389031,121047324,AAPL,Apple Inc
12/30/2020,135.58,135.99,133.4,133.72,133.0942842,96452124,AAPL,Apple Inc
12/31/2020,134.08,134.74,131.72,132.69,132.0691039,99116586,AAPL,Apple Inc
1/4/2021,133.52,133.6116,126.76,129.41,128.804452,143301887,AAPL,Apple Inc
1/5/2021,128.89,131.74,128.43,131.01,130.3969651,97664898,AAPL,Apple Inc
1/6/2021,127.72,131.0499,126.382,126.6,126.0076008,155087970,AAPL,Apple Inc
1/7/2021,128.36,131.63,127.86,130.92,130.3073863,109578157,AAPL,Apple Inc
1/8/2021,132.43,132.63,130.23,132.05,131.4320987,105158245,AAPL,Apple Inc
1/11/2021,129.19,130.17,128.5,128.98,128.3764641,100620880,AAPL,Apple Inc
1/12/2021,128.5,129.69,126.86,128.8,128.1973064,90440255,AAPL,Apple Inc
1/13/2021,128.76,131.45,128.49,130.89,130.2775267,88636831,AAPL,Apple Inc
1/14/2021,130.8,131,128.76,128.91,128.3067917,90221755,AAPL,Apple Inc
1/15/2021,128.78,130.2242,127,127.14,126.545074,111598531,AAPL,Apple Inc
1/19/2021,127.78,128.71,126.938,127.83,127.2318453,90757329,AAPL,Apple Inc
1/20/2021,128.66,132.49,128.55,132.03,131.4121923,104319489,AAPL,Apple Inc
1/21/2021,133.8,139.67,133.59,136.87,136.2295445,120529544,AAPL,Apple Inc
1/22/2021,136.28,139.85,135.02,139.07,138.41925,114459360,AAPL,Apple Inc
1/25/2021,143.07,145.09,136.54,142.92,142.2512347,157611713,AAPL,Apple Inc
1/26/2021,143.6,144.3,141.37,143.16,142.4901117,98390555,AAPL,Apple Inc
1/27/2021,143.43,144.3,140.41,142.06,141.3952589,140843759,AAPL,Apple Inc
1/28/2021,139.52,141.99,136.7,137.09,136.448515,142621128,AAPL,Apple Inc
1/29/2021,135.83,136.74,130.21,131.96,131.3425198,177523812,AAPL,Apple Inc
2/1/2021,133.75,135.38,130.93,134.14,133.5123189,106239823,AAPL,Apple Inc
2/2/2021,135.73,136.31,134.61,134.99,134.3583415,82266419,AAPL,Apple Inc
2/3/2021,135.76,135.77,133.61,133.94,133.3132548,89880937,AAPL,Apple Inc
2/4/2021,136.3,137.4,134.59,137.39,136.7471112,84183061,AAPL,Apple Inc
2/5/2021,137.35,137.42,135.86,136.76,136.3240999,75693830,AAPL,Apple Inc
2/8/2021,136.03,136.96,134.92,136.91,136.4736218,71297214,AAPL,Apple Inc
2/9/2021,136.62,137.877,135.85,136.01,135.5764904,75986989,AAPL,Apple Inc
2/10/2021,136.48,136.99,134.4,135.39,134.9584666,72647988,AAPL,Apple Inc
2/11/2021,135.9,136.39,133.77,135.13,134.6992953,64280029,AAPL,Apple Inc
2/12/2021,134.35,135.53,133.6921,135.37,134.9385303,60145130,AAPL,Apple Inc
2/16/2021,135.49,136.01,132.79,133.19,132.7654787,80576316,AAPL,Apple Inc
2/17/2021,131.25,132.22,129.47,130.84,130.422969,97372199,AAPL,Apple Inc
2/18/2021,129.2,129.995,127.41,129.71,129.2965706,96856748,AAPL,Apple Inc
2/19/2021,130.24,130.71,128.8,129.87,129.4560607,87668834,AAPL,Apple Inc
2/22/2021,128.01,129.72,125.6,126,125.5983957,102886922,AAPL,Apple Inc
2/23/2021,123.76,126.71,118.39,125.86,125.4588419,158273022,AAPL,Apple Inc
2/24/2021,124.94,125.56,122.23,125.35,124.9504674,111039904,AAPL,Apple Inc
2/25/2021,124.68,126.4585,120.54,120.99,120.6043642,144766924,AAPL,Apple Inc
2/26/2021,122.59,124.85,121.2,121.26,120.8735036,163424672,AAPL,Apple Inc
3/1/2021,123.75,127.93,122.79,127.79,127.3826903,116307892,AAPL,Apple Inc
3/2/2021,128.41,128.72,125.01,125.12,124.7212005,102260945,AAPL,Apple Inc
3/3/2021,124.81,125.71,121.84,122.06,121.6709538,112966340,AAPL,Apple Inc
3/4/2021,121.75,123.6,118.62,120.13,119.7471053,178154975,AAPL,Apple Inc
3/5/2021,120.98,121.935,117.57,121.42,121.0329937,153766601,AAPL,Apple Inc
3/8/2021,120.93,121,116.21,116.36,115.9891216,154376610,AAPL,Apple Inc
3/9/2021,119.03,122.06,118.79,121.085,120.6990614,129525780,AAPL,Apple Inc
3/10/2021,121.69,122.17,119.45,119.98,119.5975834,111943326,AAPL,Apple Inc
3/11/2021,122.54,123.21,121.26,121.96,121.5712725,103026514,AAPL,Apple Inc
3/12/2021,120.4,121.17,119.16,121.03,120.6442367,88105050,AAPL,Apple Inc
3/15/2021,121.41,124,120.42,123.99,123.5948022,92590555,AAPL,Apple Inc
3/16/2021,125.7,127.22,124.715,125.57,125.1697662,115227936,AAPL,Apple Inc
3/17/2021,124.05,125.8599,122.336,124.76,124.362348,111932636,AAPL,Apple Inc
3/18/2021,122.88,123.18,120.32,120.53,120.1458304,121469755,AAPL,Apple Inc
3/19/2021,119.9,121.43,119.675,119.99,119.6075515,185549522,AAPL,Apple Inc
3/22/2021,120.33,123.87,120.26,123.39,122.9967146,111912284,AAPL,Apple Inc
3/23/2021,123.33,124.24,122.14,122.54,122.1494238,95467142,AAPL,Apple Inc
3/24/2021,122.82,122.9,120.065,120.09,119.7072328,88530485,AAPL,Apple Inc
3/25/2021,119.54,121.66,119,120.59,120.2056391,98844681,AAPL,Apple Inc
3/26/2021,120.35,121.48,118.92,121.21,120.823663,94071234,AAPL,Apple Inc
3/29/2021,121.65,122.58,120.7299,121.39,121.0030893,80819203,AAPL,Apple Inc
3/30/2021,120.11,120.4031,118.86,119.9,119.5178384,85671919,AAPL,Apple Inc
3/31/2021,121.65,123.52,121.15,122.15,121.7606669,118323826,AAPL,Apple Inc
4/1/2021,123.66,124.18,122.49,123,122.6079577,75089134,AAPL,Apple Inc
4/5/2021,123.87,126.1601,123.07,125.9,125.4987144,88651175,AAPL,Apple Inc
4/6/2021,126.5,127.13,125.65,126.21,125.8077263,80171253,AAPL,Apple Inc
4/7/2021,125.83,127.92,125.14,127.9,127.4923397,83466716,AAPL,Apple Inc
4/8/2021,128.95,130.39,128.52,130.36,129.9444989,88844591,AAPL,Apple Inc
4/9/2021,129.8,133.04,129.47,132.995,132.5711002,106686703,AAPL,Apple Inc
4/12/2021,132.52,132.85,130.63,131.24,130.821694,91419983,AAPL,Apple Inc
4/13/2021,132.44,134.66,131.93,134.43,134.0015264,91266545,AAPL,Apple Inc
4/14/2021,134.94,135,131.655,132.03,131.609176,87222782,AAPL,Apple Inc
4/15/2021,133.82,135,133.64,134.5,134.0713033,89347102,AAPL,Apple Inc
4/16/2021,134.3,134.67,133.28,134.16,133.732387,84922386,AAPL,Apple Inc
4/19/2021,133.51,135.47,133.34,134.84,134.4102196,94264215,AAPL,Apple Inc
4/20/2021,135.02,135.53,131.81,133.11,132.6857337,94812349,AAPL,Apple Inc
4/21/2021,132.36,133.75,131.3001,133.5,133.0744906,68847136,AAPL,Apple Inc
4/22/2021,133.04,134.15,131.41,131.94,131.5194629,84566456,AAPL,Apple Inc
4/23/2021,132.16,135.12,132.16,134.32,133.891877,78756779,AAPL,Apple Inc
4/26/2021,134.83,135.06,133.56,134.72,134.2906021,66905069,AAPL,Apple Inc
4/27/2021,135.01,135.41,134.11,134.39,133.9616539,66015804,AAPL,Apple Inc
4/28/2021,134.31,135.02,133.08,133.58,133.1542357,107760097,AAPL,Apple Inc
4/29/2021,136.47,137.07,132.45,133.48,133.0545544,151100953,AAPL,Apple Inc
4/30/2021,131.78,133.56,131.065,131.46,131.0409928,109839466,AAPL,Apple Inc
5/3/2021,132.04,134.07,131.83,132.54,132.1175505,75135100,AAPL,Apple Inc
5/4/2021,131.19,131.4899,126.7,127.85,127.4424991,137564718,AAPL,Apple Inc
5/5/2021,129.2,130.45,127.97,128.1,127.6917023,84000900,AAPL,Apple Inc
5/6/2021,127.89,129.75,127.13,129.74,129.326475,78128334,AAPL,Apple Inc
5/7/2021,130.85,131.2582,129.475,130.21,130.0142758,78973273,AAPL,Apple Inc
5/10/2021,129.41,129.54,126.81,126.85,126.6593263,88071229,AAPL,Apple Inc
5/11/2021,123.5,126.27,122.77,125.91,125.7207393,126142826,AAPL,Apple Inc
5/12/2021,123.4,124.64,122.25,122.77,122.5854591,112172282,AAPL,Apple Inc
5/13/2021,124.58,126.15,124.26,124.97,124.7821522,105861339,AAPL,Apple Inc
5/14/2021,126.25,127.89,125.85,127.45,127.2584244,81917951,AAPL,Apple Inc
5/17/2021,126.82,126.93,125.17,126.27,126.0801981,74244624,AAPL,Apple Inc
5/18/2021,126.56,126.99,124.78,124.85,124.6623326,63342929,AAPL,Apple Inc
5/19/2021,123.16,124.915,122.86,124.69,124.5025731,92611989,AAPL,Apple Inc
5/20/2021,125.23,127.72,125.1,127.31,127.1186349,76857123,AAPL,Apple Inc
5/21/2021,127.82,128,125.21,125.43,125.2414608,79295436,AAPL,Apple Inc
5/24/2021,126.01,127.94,125.94,127.1,126.9089505,63092945,AAPL,Apple Inc
5/25/2021,127.82,128.32,126.32,126.9,126.7092512,72009482,AAPL,Apple Inc
5/26/2021,126.955,127.39,126.42,126.85,126.6593263,56575920,AAPL,Apple Inc
5/27/2021,126.44,127.64,125.08,125.28,125.0916863,94625601,AAPL,Apple Inc
5/28/2021,125.57,125.8,124.55,124.61,124.4226934,71311109,AAPL,Apple Inc
6/1/2021,125.08,125.35,123.94,124.28,124.0931894,67637118,AAPL,Apple Inc
6/2/2021,124.28,125.24,124.05,125.06,124.8720169,59278862,AAPL,Apple Inc
6/3/2021,124.68,124.85,123.13,123.54,123.3543017,76229170,AAPL,Apple Inc
6/4/2021,124.07,126.16,123.85,125.89,125.7007693,75169343,AAPL,Apple Inc
6/7/2021,126.17,126.32,124.8321,125.9,125.7107543,71057550,AAPL,Apple Inc
6/8/2021,126.6,128.46,126.2101,126.74,126.5494917,74403774,AAPL,Apple Inc
6/9/2021,127.21,127.75,126.52,127.13,126.9389054,56877937,AAPL,Apple Inc
6/10/2021,127.02,128.19,125.94,126.11,125.9204386,71186421,AAPL,Apple Inc
6/11/2021,126.53,127.44,126.1,127.35,127.1585747,53522373,AAPL,Apple Inc
6/14/2021,127.82,130.54,127.07,130.48,130.2838699,96906490,AAPL,Apple Inc
6/15/2021,129.94,130.6,129.39,129.64,129.4451326,62746332,AAPL,Apple Inc
6/16/2021,130.37,130.89,128.461,130.15,129.9543659,91339351,AAPL,Apple Inc
6/17/2021,129.8,132.55,129.65,131.79,131.5919008,96721669,AAPL,Apple Inc
6/18/2021,130.71,131.51,130.24,130.46,130.2639,108953309,AAPL,Apple Inc
6/21/2021,130.3,132.41,129.21,132.3,132.1011342,79663316,AAPL,Apple Inc
6/22/2021,132.13,134.08,131.62,133.98,133.7786089,74783618,AAPL,Apple Inc
6/23/2021,133.77,134.32,133.23,133.7,133.4990298,60214200,AAPL,Apple Inc
6/24/2021,134.45,134.64,132.93,133.41,133.2094657,68710998,AAPL,Apple Inc
6/25/2021,133.46,133.89,132.81,133.11,132.9099166,70783746,AAPL,Apple Inc
6/28/2021,133.41,135.245,133.35,134.78,134.5774064,62111303,AAPL,Apple Inc
6/29/2021,134.8,136.49,134.35,136.33,136.1250765,64556081,AAPL,Apple Inc
6/30/2021,136.17,137.41,135.87,136.96,136.7541295,63261393,AAPL,Apple Inc
7/1/2021,136.6,137.33,135.76,137.27,137.0636636,52485781,AAPL,Apple Inc
7/2/2021,137.9,140,137.745,139.96,139.7496201,78945572,AAPL,Apple Inc
7/6/2021,140.07,143.15,140.07,142.02,141.8065236,108181793,AAPL,Apple Inc
7/7/2021,143.535,144.89,142.66,144.57,144.3526906,104911589,AAPL,Apple Inc
7/8/2021,141.58,144.06,140.665,143.24,143.0246898,105575458,AAPL,Apple Inc
7/9/2021,142.75,145.65,142.6522,145.11,144.8918789,99890800,AAPL,Apple Inc
7/12/2021,146.21,146.32,144,144.5,144.2827958,76299719,AAPL,Apple Inc
7/13/2021,144.03,147.46,143.63,145.64,145.4210823,100827099,AAPL,Apple Inc
7/14/2021,148.1,149.57,147.68,149.15,148.9258062,127050785,AAPL,Apple Inc
7/15/2021,149.24,150,147.09,148.48,148.2568133,106820297,AAPL,Apple Inc
7/16/2021,148.46,149.76,145.88,146.39,146.1699549,93251426,AAPL,Apple Inc
7/19/2021,143.75,144.07,141.67,142.45,142.2358773,121434571,AAPL,Apple Inc
7/20/2021,143.46,147.0997,142.96,146.15,145.9303157,96350036,AAPL,Apple Inc
7/21/2021,145.53,146.13,144.63,145.4,145.181443,74993460,AAPL,Apple Inc
7/22/2021,145.935,148.195,145.81,146.8,146.5793386,77338156,AAPL,Apple Inc
7/23/2021,147.55,148.7177,146.92,148.56,148.3366931,71447416,AAPL,Apple Inc
7/26/2021,148.27,149.83,147.7,148.99,148.7660467,72434089,AAPL,Apple Inc
7/27/2021,149.12,149.21,145.55,146.77,146.5493837,104818578,AAPL,Apple Inc
7/28/2021,144.81,146.97,142.54,144.98,144.7620743,118931191,AAPL,Apple Inc
7/29/2021,144.685,146.55,144.58,145.64,145.4210823,54323047,AAPL,Apple Inc
7/30/2021,144.38,146.33,144.11,145.86,145.6407516,70440626,AAPL,Apple Inc
8/2/2021,146.36,146.95,145.25,145.52,145.3012626,62879961,AAPL,Apple Inc
8/3/2021,145.81,148.045,145.18,147.36,147.1384969,64786618,AAPL,Apple Inc
8/4/2021,147.27,147.79,146.28,146.95,146.7291131,56368271,AAPL,Apple Inc
8/5/2021,146.98,147.84,146.17,147.06,146.8389478,46397674,AAPL,Apple Inc
8/6/2021,146.35,147.11,145.63,146.14,146.14,54126813,AAPL,Apple Inc
8/9/2021,146.2,146.7,145.52,146.09,146.09,48908689,AAPL,Apple Inc
8/10/2021,146.44,147.71,145.3,145.6,145.6,69023081,AAPL,Apple Inc
8/11/2021,146.05,146.72,145.53,145.86,145.86,48493463,AAPL,Apple Inc
8/12/2021,146.19,149.05,145.84,148.89,148.89,73779113,AAPL,Apple Inc
8/13/2021,148.97,149.4444,148.27,149.1,149.1,58846293,AAPL,Apple Inc
8/16/2021,148.535,151.19,146.47,151.12,151.12,103558782,AAPL,Apple Inc
8/17/2021,150.23,151.68,149.09,150.19,150.19,92229735,AAPL,Apple Inc
8/18/2021,149.8,150.72,146.15,146.36,146.36,86325990,AAPL,Apple Inc
8/19/2021,145.03,148,144.5,146.7,146.7,86960310,AAPL,Apple Inc
8/20/2021,147.44,148.5,146.78,148.19,148.19,60549630,AAPL,Apple Inc
8/23/2021,148.31,150.19,147.89,149.71,149.71,60131810,AAPL,Apple Inc
8/24/2021,149.45,150.86,149.15,149.62,149.62,48606428,AAPL,Apple Inc
8/25/2021,149.81,150.32,147.8,148.36,148.36,58991297,AAPL,Apple Inc
8/26/2021,148.35,149.12,147.51,147.54,147.54,48597195,AAPL,Apple Inc
8/27/2021,147.48,148.75,146.83,148.6,148.6,55802388,AAPL,Apple Inc
8/30/2021,149,153.49,148.61,153.12,153.12,90956723,AAPL,Apple Inc
8/31/2021,152.66,152.8,151.29,151.83,151.83,86453117,AAPL,Apple Inc
9/1/2021,152.83,154.98,152.34,152.51,152.51,80313711,AAPL,Apple Inc
9/2/2021,153.87,154.72,152.4,153.65,153.65,71171317,AAPL,Apple Inc
9/3/2021,153.76,154.63,153.09,154.3,154.3,57866066,AAPL,Apple Inc
9/7/2021,154.97,157.26,154.39,156.69,156.69,82278261,AAPL,Apple Inc
9/8/2021,156.98,157.04,153.975,155.11,155.11,74420207,AAPL,Apple Inc
9/9/2021,155.49,156.11,153.95,154.07,154.07,57305730,AAPL,Apple Inc
9/10/2021,155,155.48,148.7,148.97,148.97,140893235,AAPL,Apple Inc
9/13/2021,150.63,151.42,148.75,149.55,149.55,102404329,AAPL,Apple Inc
9/14/2021,150.35,151.07,146.91,148.12,148.12,109296295,AAPL,Apple Inc
9/15/2021,148.56,149.44,146.37,149.03,149.03,83281315,AAPL,Apple Inc
9/16/2021,148.44,148.97,147.221,148.79,148.79,68034149,AAPL,Apple Inc
9/17/2021,148.82,148.82,145.76,146.06,146.06,129868824,AAPL,Apple Inc
9/20/2021,143.8,144.84,141.27,142.94,142.94,123478863,AAPL,Apple Inc
9/21/2021,143.93,144.6,142.78,143.43,143.43,75833962,AAPL,Apple Inc
9/22/2021,144.45,146.43,143.7001,145.85,145.85,76404341,AAPL,Apple Inc
9/23/2021,146.65,147.08,145.64,146.83,146.83,64838170,AAPL,Apple Inc
9/24/2021,145.66,147.4701,145.56,146.92,146.92,53477869,AAPL,Apple Inc
9/27/2021,145.47,145.96,143.82,145.37,145.37,74150729,AAPL,Apple Inc
9/28/2021,143.25,144.75,141.69,141.91,141.91,108972340,AAPL,Apple Inc
9/29/2021,142.47,144.45,142.03,142.83,142.83,74602044,AAPL,Apple Inc
9/30/2021,143.66,144.378,141.28,141.5,141.5,89056664,AAPL,Apple Inc
10/1/2021,141.9,142.92,139.1101,142.65,142.65,94639581,AAPL,Apple Inc
10/4/2021,141.76,142.21,138.27,139.14,139.14,98322008,AAPL,Apple Inc
10/5/2021,139.49,142.24,139.36,141.11,141.11,80861062,AAPL,Apple Inc
10/6/2021,139.47,142.15,138.37,142,142,83221119,AAPL,Apple Inc
10/7/2021,143.06,144.215,142.72,143.29,143.29,61732656,AAPL,Apple Inc
10/8/2021,144.03,144.1781,142.56,142.9,142.9,58773155,AAPL,Apple Inc
10/11/2021,142.27,144.81,141.81,142.81,142.81,64452219,AAPL,Apple Inc
10/12/2021,143.23,143.25,141.0401,141.51,141.51,73035859,AAPL,Apple Inc
10/13/2021,141.235,141.4,139.2,140.91,140.91,78762721,AAPL,Apple Inc
10/14/2021,142.11,143.88,141.51,143.76,143.76,69907100,AAPL,Apple Inc
